Date,Cash,Shares,Portfolio_Value
2025-02-20 14:00:00,10000.382521919997,0.0,10000.382521919997
2025-02-20 20:00:00,10025.895855859997,0.0,10025.895855859997
2025-02-21 13:00:00,10043.506211819997,0.0,10043.506211819997
2025-02-21 15:00:00,10046.276593739998,0.0,10046.276593739998
2025-02-21 17:00:00,10092.699463819994,0.0,10092.699463819994
2025-02-24 14:00:00,10164.40034285999,0.0,10164.40034285999
2025-02-24 18:00:00,10185.178224039995,0.0,10185.178224039995
2025-02-24 21:00:00,10187.868115019992,0.0,10187.868115019992
2025-02-25 00:00:00,10198.942688679992,0.0,10198.942688679992
2025-02-25 12:00:00,10202.198333279994,0.0,10202.198333279994
2025-02-25 16:00:00,10275.532160179991,0.0,10275.532160179991
2025-02-26 12:00:00,10295.877700933992,0.0,10295.877700933992
2025-02-26 16:00:00,10326.483841603993,0.0,10326.483841603993
2025-02-26 20:00:00,10334.863012501994,0.0,10334.863012501994
2025-02-27 09:00:00,10354.831541116997,0.0,10354.831541116997
2025-02-27 17:00:00,10404.709808254996,0.0,10404.709808254996
2025-02-28 00:00:00,10434.452225706995,0.0,10434.452225706995
2025-02-28 11:00:00,10442.681603170997,0.0,10442.681603170997
2025-02-28 17:00:00,10445.376500078994,0.0,10445.376500078994
2025-02-28 20:00:00,10540.35838954299,0.0,10540.35838954299
2025-03-03 14:00:00,10546.770385461983,0.0,10546.770385461983
2025-03-03 17:00:00,10565.462090052979,0.0,10565.462090052979
2025-03-03 21:00:00,10622.95336433298,0.0,10622.95336433298
2025-03-04 00:00:00,10695.672916600974,0.0,10695.672916600974
2025-03-04 11:00:00,10704.562424964974,0.0,10704.562424964974
2025-03-04 15:00:00,10764.470786796972,0.0,10764.470786796972
2025-03-04 19:00:00,10811.114466164972,0.0,10811.114466164972
2025-03-04 21:00:00,10832.906517500975,0.0,10832.906517500975
2025-03-05 00:00:00,10854.217370954977,0.0,10854.217370954977
2025-03-05 13:00:00,10865.724444818976,0.0,10865.724444818976
2025-03-05 18:00:00,10983.818300674982,0.0,10983.818300674982
2025-03-05 20:00:00,10992.25929784598,0.0,10992.25929784598
2025-03-06 15:00:00,11051.443864903984,0.0,11051.443864903984
2025-03-06 20:00:00,11084.722270687987,0.0,11084.722270687987
2025-03-07 00:00:00,11100.83605454199,0.0,11100.83605454199
2025-03-07 17:00:00,11209.877751177983,0.0,11209.877751177983
2025-03-07 23:00:00,11245.517687849984,0.0,11245.517687849984
2025-03-10 09:00:00,11255.991471618981,0.0,11255.991471618981
2025-03-10 12:00:00,11287.182159858983,0.0,11287.182159858983
2025-03-10 15:00:00,11297.764912818984,0.0,11297.764912818984
2025-03-10 19:00:00,11345.188774443985,0.0,11345.188774443985
2025-03-11 08:00:00,11380.621741718984,0.0,11380.621741718984
2025-03-11 18:00:00,11463.668633568985,0.0,11463.668633568985
2025-03-11 21:00:00,11474.920070943981,0.0,11474.920070943981
2025-03-11 23:00:00,11481.132123243991,0.0,11481.132123243991
2025-03-12 10:00:00,11481.78024554399,0.0,11481.78024554399
2025-03-12 12:00:00,11488.237695918991,0.0,11488.237695918991
2025-03-12 20:00:00,11504.244987556996,0.0,11504.244987556996
2025-03-13 09:00:00,11520.841768823,0.0,11520.841768823
2025-03-13 22:00:00,11547.155037404002,0.0,11547.155037404002
2025-03-14 08:00:00,11563.668838748003,0.0,11563.668838748003
2025-03-14 13:00:00,11644.617752885002,0.0,11644.617752885002
2025-03-14 15:00:00,11697.637130057004,0.0,11697.637130057004
2025-03-14 22:00:00,11706.310918559002,0.0,11706.310918559002
2025-03-17 10:00:00,11725.809757309999,0.0,11725.809757309999
2025-03-17 12:00:00,11732.579096762001,0.0,11732.579096762001
2025-03-17 17:00:00,11825.645258954,0.0,11825.645258954
2025-03-18 13:00:00,11828.878885955004,0.0,11828.878885955004
2025-03-18 19:00:00,11879.509316826996,0.0,11879.509316826996
2025-03-18 23:00:00,11883.015371371002,0.0,11883.015371371002
2025-03-19 13:00:00,11996.065597792003,0.0,11996.065597792003
2025-03-19 19:00:00,12048.890717020004,0.0,12048.890717020004
2025-03-19 23:00:00,12050.142542806001,0.0,12050.142542806001
2025-03-20 15:00:00,12100.823170594003,0.0,12100.823170594003
2025-03-20 19:00:00,12168.59627616201,0.0,12168.59627616201
2025-03-21 09:00:00,12171.490831378016,0.0,12171.490831378016
2025-03-21 11:00:00,12190.351401778016,0.0,12190.351401778016
2025-03-21 14:00:00,12283.639223090015,0.0,12283.639223090015
2025-03-21 16:00:00,12327.152045814011,0.0,12327.152045814011
2025-03-21 19:00:00,12451.495091158007,0.0,12451.495091158007
2025-03-24 13:00:00,12531.993977318016,0.0,12531.993977318016
2025-03-24 18:00:00,12621.840312442015,0.0,12621.840312442015
2025-03-24 22:00:00,12639.157001566022,0.0,12639.157001566022
2025-03-25 09:00:00,12652.914045090016,0.0,12652.914045090016
2025-03-25 14:00:00,12721.396344738016,0.0,12721.396344738016
2025-03-25 23:00:00,12758.46190818201,0.0,12758.46190818201
2025-03-26 10:00:00,12778.099012270002,0.0,12778.099012270002
2025-03-26 12:00:00,12781.992169510006,0.0,12781.992169510006
2025-03-27 09:00:00,12792.125248129998,0.0,12792.125248129998
2025-03-27 12:00:00,12799.573780353992,0.0,12799.573780353992
2025-03-27 15:00:00,12838.814401969992,0.0,12838.814401969992
2025-03-27 18:00:00,12878.971580205985,0.0,12878.971580205985
2025-03-28 13:00:00,12918.858606215992,0.0,12918.858606215992
2025-03-28 19:00:00,12932.672440985996,0.0,12932.672440985996
2025-03-28 21:00:00,12939.495445623996,0.0,12939.495445623996
2025-03-31 12:00:00,12979.258685655997,0.0,12979.258685655997
2025-03-31 15:00:00,13135.742359846,0.0,13135.742359846
2025-03-31 19:00:00,13219.751587700004,0.0,13219.751587700004
2025-04-01 10:00:00,13245.790227290005,0.0,13245.790227290005
2025-04-01 13:00:00,13329.720612110003,0.0,13329.720612110003
2025-04-01 19:00:00,13357.421251595006,0.0,13357.421251595006
2025-04-01 22:00:00,13367.079179653,0.0,13367.079179653
2025-04-02 14:00:00,13431.51098383301,0.0,13431.51098383301
2025-04-02 16:00:00,13475.505296053008,0.0,13475.505296053008
2025-04-02 19:00:00,13496.104347673008,0.0,13496.104347673008
2025-04-03 09:00:00,13581.044298873006,0.0,13581.044298873006
2025-04-03 13:00:00,13680.19969270501,0.0,13680.19969270501
2025-04-03 16:00:00,13714.34145574502,0.0,13714.34145574502
2025-04-03 20:00:00,13716.74355551102,0.0,13716.74355551102
2025-04-04 13:00:00,14074.691892831026,0.0,14074.691892831026
2025-04-04 15:00:00,14082.896679579026,0.0,14082.896679579026
2025-04-07 10:00:00,14137.605316363028,0.0,14137.605316363028
2025-04-07 12:00:00,14157.07803286703,0.0,14157.07803286703
2025-04-07 14:00:00,14218.276414982036,0.0,14218.276414982036
2025-04-07 17:00:00,14269.146914090037,0.0,14269.146914090037
2025-04-07 19:00:00,14272.794548990041,0.0,14272.794548990041
2025-04-07 22:00:00,14322.178443134042,0.0,14322.178443134042
2025-04-08 08:00:00,14360.895706394043,0.0,14360.895706394043
2025-04-08 13:00:00,14502.009902981048,0.0,14502.009902981048
2025-04-08 20:00:00,14601.31361526105,0.0,14601.31361526105
2025-04-09 10:00:00,14790.780904538042,0.0,14790.780904538042
2025-04-09 13:00:00,14971.150182295045,0.0,14971.150182295045
2025-04-09 17:00:00,15275.047346122039,0.0,15275.047346122039
2025-04-09 20:00:00,16024.27587610704,0.0,16024.27587610704
2025-04-09 23:00:00,16357.622398697044,0.0,16357.622398697044
2025-04-10 09:00:00,16396.374480863044,0.0,16396.374480863044
2025-04-10 11:00:00,16408.751173541044,0.0,16408.751173541044
2025-04-10 13:00:00,16511.81174084304,0.0,16511.81174084304
2025-04-10 18:00:00,16671.19970813105,0.0,16671.19970813105
2025-04-10 22:00:00,16692.919373631063,0.0,16692.919373631063
2025-04-11 09:00:00,16790.70099110306,0.0,16790.70099110306
2025-04-11 16:00:00,17396.97777113507,0.0,17396.97777113507
2025-04-11 20:00:00,17605.473819423074,0.0,17605.473819423074
2025-04-14 09:00:00,18131.899863391085,0.0,18131.899863391085
2025-04-14 11:00:00,18205.55564875408,0.0,18205.55564875408
2025-04-14 15:00:00,18206.100748078083,0.0,18206.100748078083
2025-04-14 19:00:00,18221.322272682097,0.0,18221.322272682097
2025-04-14 22:00:00,18222.1480094181,0.0,18222.1480094181
2025-04-15 10:00:00,18228.848080994096,0.0,18228.848080994096
2025-04-15 14:00:00,18254.676378126096,0.0,18254.676378126096
2025-04-15 16:00:00,18277.260634458096,0.0,18277.260634458096
2025-04-15 18:00:00,18283.2479267141,0.0,18283.2479267141
2025-04-16 08:00:00,18296.7687895421,0.0,18296.7687895421
2025-04-16 10:00:00,18308.9719183701,0.0,18308.9719183701
2025-04-16 14:00:00,18350.363199300093,0.0,18350.363199300093
2025-04-16 21:00:00,18383.46217079209,0.0,18383.46217079209
2025-04-17 08:00:00,18443.507826372086,0.0,18443.507826372086
2025-04-17 12:00:00,18459.3060190451,0.0,18459.3060190451
2025-04-17 17:00:00,18775.900751672103,0.0,18775.900751672103
2025-04-21 09:00:00,18783.392788760102,0.0,18783.392788760102
2025-04-21 13:00:00,18792.838846040104,0.0,18792.838846040104
2025-04-21 16:00:00,18819.578561364106,0.0,18819.578561364106
2025-04-21 19:00:00,19019.701118103105,0.0,19019.701118103105
2025-04-22 09:00:00,19137.97290678011,0.0,19137.97290678011
2025-04-22 16:00:00,19603.689327089123,0.0,19603.689327089123
2025-04-22 22:00:00,19741.99942019312,0.0,19741.99942019312
2025-04-23 13:00:00,19767.80229291713,0.0,19767.80229291713
2025-04-23 15:00:00,19830.24526621712,0.0,19830.24526621712
2025-04-23 18:00:00,19836.312368377134,0.0,19836.312368377134
2025-04-24 12:00:00,19844.24683087313,0.0,19844.24683087313
2025-04-24 16:00:00,19921.06849120914,0.0,19921.06849120914
2025-04-24 21:00:00,20081.144768953134,0.0,20081.144768953134
2025-04-25 13:00:00,20189.226375673126,0.0,20189.226375673126
2025-04-25 16:00:00,20274.483354553122,0.0,20274.483354553122
2025-04-25 21:00:00,20291.07466370512,0.0,20291.07466370512
2025-04-28 12:00:00,20329.401801097116,0.0,20329.401801097116
2025-04-28 18:00:00,20398.629338473118,0.0,20398.629338473118
2025-04-29 08:00:00,20429.60611240913,0.0,20429.60611240913
2025-04-29 14:00:00,20494.30915788114,0.0,20494.30915788114
2025-04-29 17:00:00,20578.41037725714,0.0,20578.41037725714
2025-04-30 15:00:00,20749.661802658145,0.0,20749.661802658145
2025-04-30 19:00:00,20886.306395449144,0.0,20886.306395449144
2025-05-01 09:00:00,20889.98570117714,0.0,20889.98570117714
2025-05-01 14:00:00,21100.27912828314,0.0,21100.27912828314
2025-05-01 17:00:00,21179.466848020136,0.0,21179.466848020136
2025-02-24 00:00:00,21282.640842738143,0.0,21282.640842738143
2025-03-01 00:00:00,21483.21279053414,0.0,21483.21279053414
2025-03-07 00:00:00,21685.535941794144,0.0,21685.535941794144
2025-03-17 00:00:00,21887.095612194134,0.0,21887.095612194134
2025-03-19 00:00:00,22000.545361227134,0.0,22000.545361227134
2025-03-25 00:00:00,22537.018147518134,0.0,22537.018147518134
2025-03-27 00:00:00,22618.779397068145,0.0,22618.779397068145
2025-04-01 00:00:00,22910.260925380142,0.0,22910.260925380142
2025-04-09 00:00:00,24612.461896955152,0.0,24612.461896955152
2025-04-14 00:00:00,25670.446749490155,0.0,25670.446749490155
2025-04-17 00:00:00,25783.079475670136,0.0,25783.079475670136
